StudentId,StudentName,FatherName,MotherName,ContactNo,abc_class_ClassId,validFrom,validTo
1,Aarav Sharma,Rajesh Sharma,Sunita Sharma,9876543210,1,2024-01-01T00:00:00Z,9999-12-31T23:59:59Z
2,Diya Verma,Amit Verma,Pooja Verma,9876543211,1,2024-01-01T00:00:00Z,9999-12-31T23:59:59Z
3,Vivaan Gupta,Sanjay Gupta,Neha Gupta,9876543212,2,2024-01-01T00:00:00Z,9999-12-31T23:59:59Z
4,Ananya Singh,Rakesh Singh,Kavita Singh,9876543213,3,2024-01-01T00:00:00Z,9999-12-31T23:59:59Z
5,Aditya Kumar,Manoj Kumar,Rekha Kumar,9876543214,3,2024-01-01T00:00:00Z,9999-12-31T23:59:59Z
6,Isha Patel,Harsh Patel,Priya Patel,9876543215,3,2024-01-01T00:00:00Z,9999-12-31T23:59:59Z
7,Krishna Joshi,Deepak Joshi,Meena Joshi,9876543216,3,2024-01-01T00:00:00Z,9999-12-31T23:59:59Z
8,Meera Nair,Suresh Nair,Lakshmi Nair,9876543217,5,2024-01-01T00:00:00Z,9999-12-31T23:59:59Z
9,Rohan Mehta,Anil Mehta,Shalini Mehta,9876543218,6,2024-01-01T00:00:00Z,9999-12-31T23:59:59Z
10,Sneha Rao,Mahesh Rao,Anita Rao,9876543219,6,2024-01-01T00:00:00Z,9999-12-31T23:59:59Z